timestamp,open,high,low,close,volume
2025-06-25 21:54:27.136293,12.0,12.04,11.98,12.0,709034.0
2025-06-25 22:54:27.136293,12.0,12.17,12.0,12.12,1417831.0
2025-06-25 23:54:27.136293,12.12,12.12,12.07,12.09,541618.0
2025-06-26 00:54:27.136293,12.09,12.3,12.09,12.25,1543082.0
2025-06-26 01:54:27.136293,12.25,12.64,12.25,12.62,1928798.0
2025-06-26 02:54:27.136293,12.62,12.62,12.55,12.56,540050.0
2025-06-26 03:54:27.136293,12.56,12.56,12.45,12.51,1893315.0
2025-06-26 04:54:27.136293,12.51,12.94,12.51,12.9,1972546.0
2025-06-26 05:54:27.136293,12.9,13.11,12.9,13.1,1302882.0
2025-06-26 06:54:27.136293,13.1,13.1,12.95,12.98,623186.0
2025-06-26 07:54:27.136293,12.98,13.13,12.98,13.12,692869.0
2025-06-26 08:54:27.136293,13.12,13.12,12.99,13.0,1182718.0
2025-06-26 09:54:27.136293,13.0,13.0,12.86,12.89,1723058.0
2025-06-26 10:54:27.136293,12.89,12.97,12.89,12.95,1274856.0
2025-06-26 11:54:27.136293,12.95,12.95,12.4,12.46,2207911.0
2025-06-26 12:54:27.136293,12.46,12.46,12.03,12.03,1200011.0
2025-06-26 13:54:27.136293,12.03,12.03,11.89,11.9,1382221.0
2025-06-26 14:54:27.136293,11.9,11.9,11.64,11.66,1988756.0
2025-06-26 15:54:27.136293,11.66,11.74,11.66,11.73,1695462.0
2025-06-26 16:54:27.136293,11.73,11.73,11.48,11.52,1359183.0
2025-06-26 17:54:27.136293,11.52,11.52,11.15,11.2,2175557.0
2025-06-26 18:54:27.136293,11.2,11.57,11.2,11.53,1794365.0
2025-06-26 19:54:27.136293,11.53,11.53,11.47,11.48,1956603.0
2025-06-26 20:54:27.136293,11.48,11.51,11.44,11.5,1187403.0
2025-06-26 21:54:27.136293,11.5,11.5,11.14,11.17,2320878.0
2025-06-26 22:54:27.136293,11.17,11.17,11.01,11.05,1646719.0
2025-06-26 23:54:27.136293,11.05,11.12,11.03,11.08,895998.0
2025-06-27 00:54:27.136293,11.08,11.08,10.82,10.83,2432782.0
2025-06-27 01:54:27.136293,10.83,10.96,10.83,10.91,1679366.0
2025-06-27 02:54:27.136293,10.91,10.91,10.77,10.78,1510854.0
2025-06-27 03:54:27.136293,10.78,10.78,10.72,10.72,1632279.0
2025-06-27 04:54:27.136293,10.72,10.72,10.55,10.6,2186810.0
2025-06-27 05:54:27.136293,10.6,11.05,10.6,10.99,2462213.0
2025-06-27 06:54:27.136293,10.99,11.04,10.98,10.99,1743527.0
2025-06-27 07:54:27.136293,10.99,10.99,10.73,10.76,1021366.0
2025-06-27 08:54:27.136293,10.76,10.95,10.76,10.94,1802984.0
2025-06-27 09:54:27.136293,10.94,10.94,10.64,10.68,742288.0
2025-06-27 10:54:27.136293,10.68,10.75,10.68,10.73,1761594.0
2025-06-27 11:54:27.136293,10.73,10.73,10.28,10.31,2540191.0
2025-06-27 12:54:27.136293,10.31,10.31,10.03,10.04,677467.0
2025-06-27 13:54:27.136293,10.04,10.13,10.04,10.08,1889157.0
2025-06-27 14:54:27.136293,10.08,10.26,10.08,10.24,1954477.0
2025-06-27 15:54:27.136293,10.24,10.33,10.24,10.27,1712793.0
2025-06-27 16:54:27.136293,10.27,10.27,10.23,10.25,1469771.0
2025-06-27 17:54:27.136293,10.25,10.25,10.15,10.2,1746298.0
2025-06-27 18:54:27.136293,10.2,10.2,9.88,9.9,2075830.0
2025-06-27 19:54:27.136293,9.9,9.9,9.75,9.76,1176873.0
2025-06-27 20:54:27.136293,9.76,9.76,9.66,9.67,925722.0
2025-06-27 21:54:27.136293,9.67,9.88,9.67,9.88,2407723.0
2025-06-27 22:54:27.136293,9.88,9.97,9.88,9.95,1629489.0
2025-06-27 23:54:27.136293,9.95,9.95,9.56,9.6,2265452.0
2025-06-28 00:54:27.136293,9.6,9.67,9.6,9.67,1943457.0
2025-06-28 01:54:27.136293,9.67,9.67,9.58,9.6,1524023.0
2025-06-28 02:54:27.136293,9.6,9.6,9.43,9.47,958937.0
2025-06-28 03:54:27.136293,9.47,9.64,9.47,9.59,1589885.0
2025-06-28 04:54:27.136293,9.59,9.82,9.59,9.79,925564.0
2025-06-28 05:54:27.136293,9.79,9.99,9.79,9.98,1987107.0
2025-06-28 06:54:27.136293,9.98,9.98,9.81,9.82,2273496.0
2025-06-28 07:54:27.136293,9.82,9.82,9.72,9.76,2107238.0
2025-06-28 08:54:27.136293,9.76,9.84,9.76,9.83,1752780.0
2025-06-28 09:54:27.136293,9.83,10.06,9.83,10.03,2067474.0
2025-06-28 10:54:27.136293,10.03,10.03,9.92,9.93,1424889.0
2025-06-28 11:54:27.136293,9.93,9.93,9.87,9.9,658083.0
2025-06-28 12:54:27.136293,9.9,9.9,9.67,9.69,844793.0
2025-06-28 13:54:27.136293,9.69,9.69,9.41,9.46,2214092.0
2025-06-28 14:54:27.136293,9.46,9.66,9.46,9.62,1547883.0
2025-06-28 15:54:27.136293,9.62,9.89,9.62,9.88,1351198.0
2025-06-28 16:54:27.136293,9.88,9.89,9.84,9.87,1255897.0
2025-06-28 17:54:27.136293,9.87,10.08,9.87,10.08,1838176.0
2025-06-28 18:54:27.136293,10.08,10.16,10.08,10.15,1338566.0
2025-06-28 19:54:27.136293,10.15,10.15,10.0,10.03,1952706.0
2025-06-28 20:54:27.136293,10.03,10.12,10.03,10.11,1452696.0
2025-06-28 21:54:27.136293,10.11,10.44,10.11,10.42,2226308.0
2025-06-28 22:54:27.136293,10.42,10.45,10.37,10.42,1804800.0
2025-06-28 23:54:27.136293,10.42,10.79,10.42,10.75,2037912.0
2025-06-29 00:54:27.136293,10.75,10.75,10.16,10.19,2474263.0
2025-06-29 01:54:27.136293,10.19,10.37,10.19,10.37,2114309.0
2025-06-29 02:54:27.136293,10.37,10.39,10.35,10.39,709012.0
2025-06-29 03:54:27.136293,10.39,10.39,10.29,10.33,781532.0
2025-06-29 04:54:27.136293,10.33,10.4,10.31,10.36,1291104.0
2025-06-29 05:54:27.136293,10.36,10.36,9.94,9.95,1984286.0
2025-06-29 06:54:27.136293,9.95,9.96,9.88,9.91,923928.0
2025-06-29 07:54:27.136293,9.91,10.02,9.91,9.99,1798253.0
2025-06-29 08:54:27.136293,9.99,10.29,9.99,10.29,1706991.0
2025-06-29 09:54:27.136293,10.29,10.29,10.17,10.19,1590953.0
2025-06-29 10:54:27.136293,10.19,10.19,10.02,10.03,2203166.0
2025-06-29 11:54:27.136293,10.03,10.03,9.93,9.93,1041455.0
2025-06-29 12:54:27.136293,9.93,10.16,9.93,10.12,1632643.0
2025-06-29 13:54:27.136293,10.12,10.21,10.12,10.19,609332.0
2025-06-29 14:54:27.136293,10.19,10.19,10.04,10.09,2148718.0
2025-06-29 15:54:27.136293,10.09,10.24,10.09,10.2,1815258.0
2025-06-29 16:54:27.136293,10.2,10.23,10.2,10.23,1010488.0
2025-06-29 17:54:27.136293,10.23,10.46,10.23,10.43,1829646.0
2025-06-29 18:54:27.136293,10.43,10.43,10.28,10.29,2263650.0
2025-06-29 19:54:27.136293,10.29,10.29,10.21,10.23,789668.0
2025-06-29 20:54:27.136293,10.23,10.23,10.12,10.16,891139.0
2025-06-29 21:54:27.136293,10.16,10.16,9.83,9.87,1906139.0
2025-06-29 22:54:27.136293,9.87,9.95,9.87,9.93,774242.0
2025-06-29 23:54:27.136293,9.93,10.01,9.93,9.99,1195819.0
2025-06-30 00:54:27.136293,9.99,10.03,9.98,10.0,918155.0
2025-06-30 01:54:27.136293,10.0,10.01,9.94,9.96,1915507.0
2025-06-30 02:54:27.136293,9.96,9.96,9.67,9.68,697857.0
2025-06-30 03:54:27.136293,9.68,9.68,9.59,9.61,1935745.0
2025-06-30 04:54:27.136293,9.61,9.61,9.5,9.55,826421.0
2025-06-30 05:54:27.136293,9.55,9.55,9.36,9.4,1910971.0
2025-06-30 06:54:27.136293,9.4,9.42,9.34,9.38,1475957.0
2025-06-30 07:54:27.136293,9.38,9.47,9.38,9.46,2046214.0
2025-06-30 08:54:27.136293,9.46,9.85,9.46,9.82,1691835.0
2025-06-30 09:54:27.136293,9.82,9.87,9.82,9.86,1592375.0
2025-06-30 10:54:27.136293,9.86,9.94,9.86,9.92,1309833.0
2025-06-30 11:54:27.136293,9.92,9.92,9.88,9.91,910537.0
2025-06-30 12:54:27.136293,9.91,9.91,9.53,9.54,1628295.0
2025-06-30 13:54:27.136293,9.54,9.54,9.54,9.54,1090807.0
2025-06-30 14:54:27.136293,9.54,9.58,9.53,9.56,955590.0
2025-06-30 15:54:27.136293,9.56,10.07,9.56,10.04,2504600.0
2025-06-30 16:54:27.136293,10.04,10.04,9.98,10.01,677843.0
2025-06-30 17:54:27.136293,10.01,10.09,10.01,10.07,762088.0
2025-06-30 18:54:27.136293,10.07,10.1,10.04,10.08,1554533.0
2025-06-30 19:54:27.136293,10.08,10.08,9.85,9.85,1213560.0
2025-06-30 20:54:27.136293,9.85,10.11,9.85,10.08,1268223.0
2025-06-30 21:54:27.136293,10.08,10.24,10.08,10.24,1268494.0
2025-06-30 22:54:27.136293,10.24,10.42,10.24,10.41,1788737.0
2025-06-30 23:54:27.136293,10.41,10.41,10.22,10.23,882025.0
2025-07-01 00:54:27.136293,10.23,10.53,10.23,10.52,2009495.0
2025-07-01 01:54:27.136293,10.52,10.52,10.19,10.24,735449.0
2025-07-01 02:54:27.136293,10.24,10.39,10.24,10.36,2032800.0
2025-07-01 03:54:27.136293,10.36,10.87,10.36,10.83,1459343.0
2025-07-01 04:54:27.136293,10.83,10.83,10.62,10.62,2192373.0
2025-07-01 05:54:27.136293,10.62,10.62,10.47,10.51,1302412.0
2025-07-01 06:54:27.136293,10.51,10.57,10.51,10.54,1642241.0
2025-07-01 07:54:27.136293,10.54,10.54,10.44,10.44,951180.0
2025-07-01 08:54:27.136293,10.44,10.44,10.08,10.13,1079017.0
2025-07-01 09:54:27.136293,10.13,10.2,10.13,10.15,790211.0
2025-07-01 10:54:27.136293,10.15,10.15,9.91,9.94,1501849.0
2025-07-01 11:54:27.136293,9.94,10.07,9.94,10.04,929604.0
2025-07-01 12:54:27.136293,10.04,10.04,9.82,9.87,1734287.0
2025-07-01 13:54:27.136293,9.87,10.19,9.87,10.18,802058.0
2025-07-01 14:54:27.136293,10.18,10.18,10.02,10.03,1370700.0
2025-07-01 15:54:27.136293,10.03,10.03,9.94,9.98,1704058.0
2025-07-01 16:54:27.136293,9.98,10.17,9.98,10.15,1237666.0
2025-07-01 17:54:27.136293,10.15,10.15,9.9,9.91,2228011.0
2025-07-01 18:54:27.136293,9.91,9.99,9.91,9.96,1674130.0
2025-07-01 19:54:27.136293,9.96,10.25,9.96,10.23,2351403.0
2025-07-01 20:54:27.136293,10.23,10.23,9.89,9.91,1822528.0
2025-07-01 21:54:27.136293,9.91,10.0,9.91,9.95,1500313.0
2025-07-01 22:54:27.136293,9.95,10.05,9.95,10.01,739905.0
2025-07-01 23:54:27.136293,10.01,10.22,10.01,10.18,896854.0
2025-07-02 00:54:27.136293,10.18,10.18,9.89,9.94,955255.0
2025-07-02 01:54:27.136293,9.94,9.94,9.66,9.68,1092807.0
2025-07-02 02:54:27.136293,9.68,9.84,9.68,9.79,1416823.0
2025-07-02 03:54:27.136293,9.79,9.88,9.79,9.86,796503.0
2025-07-02 04:54:27.136293,9.86,9.94,9.86,9.92,939969.0
2025-07-02 05:54:27.136293,9.92,10.03,9.92,10.0,1790910.0
2025-07-02 06:54:27.136293,10.0,10.0,9.82,9.87,1330057.0
2025-07-02 07:54:27.136293,9.87,9.94,9.87,9.93,796895.0
2025-07-02 08:54:27.136293,9.93,10.02,9.93,10.0,1862251.0
2025-07-02 09:54:27.136293,10.0,10.0,9.85,9.86,1615639.0
2025-07-02 10:54:27.136293,9.86,10.28,9.86,10.24,1039128.0
2025-07-02 11:54:27.136293,10.24,10.35,10.24,10.35,1652064.0
2025-07-02 12:54:27.136293,10.35,10.35,10.07,10.11,2098786.0
2025-07-02 13:54:27.136293,10.11,10.28,10.11,10.25,922954.0
2025-07-02 14:54:27.136293,10.25,10.25,10.05,10.06,693971.0
2025-07-02 15:54:27.136293,10.06,10.26,10.06,10.23,652601.0
2025-07-02 16:54:27.136293,10.23,10.49,10.23,10.48,2360371.0
2025-07-02 17:54:27.136293,10.48,10.48,10.29,10.32,648980.0
2025-07-02 18:54:27.136293,10.32,10.54,10.32,10.53,2342740.0
2025-07-02 19:54:27.136293,10.53,10.63,10.53,10.63,1594008.0
2025-07-02 20:54:27.136293,10.63,10.86,10.63,10.81,1495838.0
2025-07-02 21:54:27.136293,10.81,11.26,10.81,11.23,985952.0
2025-07-02 22:54:27.136293,11.23,11.23,11.17,11.19,1617266.0
2025-07-02 23:54:27.136293,11.19,11.19,10.99,11.03,2229148.0
2025-07-03 00:54:27.136293,11.03,11.03,10.81,10.85,1360758.0
2025-07-03 01:54:27.136293,10.85,10.85,10.67,10.68,1773795.0
2025-07-03 02:54:27.136293,10.68,10.72,10.63,10.68,1532209.0
2025-07-03 03:54:27.136293,10.68,10.79,10.68,10.76,1945634.0
2025-07-03 04:54:27.136293,10.76,10.86,10.76,10.83,2021699.0
2025-07-03 05:54:27.136293,10.83,11.06,10.83,11.02,968627.0
2025-07-03 06:54:27.136293,11.02,11.07,11.02,11.04,1496688.0
2025-07-03 07:54:27.136293,11.04,11.38,11.04,11.37,2602046.0
2025-07-03 08:54:27.136293,11.37,11.37,11.27,11.32,1156983.0
2025-07-03 09:54:27.136293,11.32,12.0,11.32,11.95,2100111.0
2025-07-03 10:54:27.136293,11.95,12.15,11.95,12.1,1245741.0
2025-07-03 11:54:27.136293,12.1,12.1,11.86,11.9,2003556.0
2025-07-03 12:54:27.136293,11.9,11.9,11.6,11.64,1399314.0
2025-07-03 13:54:27.136293,11.64,11.8,11.64,11.75,1444998.0
2025-07-03 14:54:27.136293,11.75,11.75,11.68,11.7,1095673.0
2025-07-03 15:54:27.136293,11.7,11.9,11.7,11.87,1238398.0
2025-07-03 16:54:27.136293,11.87,12.01,11.87,11.98,1161075.0
2025-07-03 17:54:27.136293,11.98,11.98,11.96,11.97,1424510.0
2025-07-03 18:54:27.136293,11.97,11.97,11.73,11.77,1396737.0
2025-07-03 19:54:27.136293,11.77,11.77,11.36,11.41,1665049.0
2025-07-03 20:54:27.136293,11.41,11.41,11.31,11.31,1101506.0
2025-07-03 21:54:27.136293,11.31,11.53,11.31,11.5,1605905.0
2025-07-03 22:54:27.136293,11.5,11.59,11.5,11.55,1718956.0
2025-07-03 23:54:27.136293,11.55,11.55,11.23,11.27,2413728.0
2025-07-04 00:54:27.136293,11.27,11.31,11.27,11.31,529367.0
2025-07-04 01:54:27.136293,11.31,11.43,11.31,11.39,932403.0
2025-07-04 02:54:27.136293,11.39,11.39,11.19,11.19,2236761.0
2025-07-04 03:54:27.136293,11.19,11.25,11.19,11.23,1267233.0
2025-07-04 04:54:27.136293,11.23,11.26,11.23,11.24,972600.0
2025-07-04 05:54:27.136293,11.24,11.24,10.96,10.99,1187549.0
2025-07-04 06:54:27.136293,10.99,11.1,10.99,11.07,974378.0
2025-07-04 07:54:27.136293,11.07,11.21,11.07,11.19,858597.0
2025-07-04 08:54:27.136293,11.19,11.47,11.19,11.43,1567180.0
2025-07-04 09:54:27.136293,11.43,11.72,11.43,11.67,1636182.0
2025-07-04 10:54:27.136293,11.67,11.67,11.3,11.35,1562531.0
2025-07-04 11:54:27.136293,11.35,11.35,11.11,11.14,670945.0
2025-07-04 12:54:27.136293,11.14,11.29,11.14,11.26,1547261.0
2025-07-04 13:54:27.136293,11.26,11.42,11.26,11.37,928861.0
2025-07-04 14:54:27.136293,11.37,11.5,11.37,11.49,1231801.0
2025-07-04 15:54:27.136293,11.49,12.43,11.49,12.37,1824092.0
2025-07-04 16:54:27.136293,12.37,12.53,12.37,12.52,1016511.0
2025-07-04 17:54:27.136293,12.52,12.85,12.52,12.8,1842497.0
2025-07-04 18:54:27.136293,12.8,13.05,12.8,13.04,1402473.0
2025-07-04 19:54:27.136293,13.04,13.25,13.04,13.21,1814573.0
2025-07-04 20:54:27.136293,13.21,13.21,13.12,13.13,684119.0
2025-07-04 21:54:27.136293,13.13,13.33,13.13,13.33,1624799.0
2025-07-04 22:54:27.136293,13.33,13.33,13.11,13.12,1254278.0
2025-07-04 23:54:27.136293,13.12,13.12,13.03,13.06,2075604.0
2025-07-05 00:54:27.136293,13.06,13.06,12.89,12.94,1213955.0
2025-07-05 01:54:27.136293,12.94,12.98,12.91,12.96,1563712.0
2025-07-05 02:54:27.136293,12.96,13.62,12.96,13.56,959847.0
2025-07-05 03:54:27.136293,13.56,13.56,13.01,13.05,1251679.0
2025-07-05 04:54:27.136293,13.05,13.23,13.05,13.23,2093688.0
2025-07-05 05:54:27.136293,13.23,13.23,12.78,12.8,1111085.0
2025-07-05 06:54:27.136293,12.8,12.8,12.68,12.68,1399564.0
2025-07-05 07:54:27.136293,12.68,12.96,12.68,12.96,1035595.0
2025-07-05 08:54:27.136293,12.96,13.01,12.92,12.97,1494875.0
2025-07-05 09:54:27.136293,12.97,12.97,12.67,12.69,1215257.0
2025-07-05 10:54:27.136293,12.69,12.69,12.45,12.51,1706823.0
2025-07-05 11:54:27.136293,12.51,12.72,12.51,12.68,1360172.0
2025-07-05 12:54:27.136293,12.68,12.68,12.46,12.49,2220068.0
2025-07-05 13:54:27.136293,12.49,12.56,12.49,12.55,835754.0
2025-07-05 14:54:27.136293,12.55,12.59,12.55,12.56,1185739.0
2025-07-05 15:54:27.136293,12.56,12.56,12.37,12.39,1693224.0
2025-07-05 16:54:27.136293,12.39,12.98,12.39,12.93,1216842.0
2025-07-05 17:54:27.136293,12.93,13.11,12.93,13.09,2239797.0
2025-07-05 18:54:27.136293,13.09,13.09,12.52,12.56,2478130.0
2025-07-05 19:54:27.136293,12.56,12.64,12.56,12.6,656942.0
2025-07-05 20:54:27.136293,12.6,12.6,12.43,12.44,1970363.0
2025-07-05 21:54:27.136293,12.44,12.7,12.44,12.65,648372.0
2025-07-05 22:54:27.136293,12.65,12.65,12.43,12.45,1205785.0
2025-07-05 23:54:27.136293,12.45,12.45,12.36,12.42,1362176.0
2025-07-06 00:54:27.136293,12.42,12.56,12.42,12.54,1288195.0
2025-07-06 01:54:27.136293,12.54,12.8,12.54,12.76,2203026.0
2025-07-06 02:54:27.136293,12.76,12.76,12.39,12.45,2205156.0
2025-07-06 03:54:27.136293,12.45,12.45,12.31,12.37,720227.0
2025-07-06 04:54:27.136293,12.37,12.37,12.22,12.25,1991086.0
2025-07-06 05:54:27.136293,12.25,12.25,12.04,12.09,1906692.0
2025-07-06 06:54:27.136293,12.09,12.53,12.09,12.51,1493455.0
2025-07-06 07:54:27.136293,12.51,12.62,12.51,12.61,1100752.0
2025-07-06 08:54:27.136293,12.61,12.61,12.25,12.29,2172581.0
2025-07-06 09:54:27.136293,12.29,12.53,12.29,12.52,2228159.0
2025-07-06 10:54:27.136293,12.52,13.08,12.52,13.05,2344678.0
2025-07-06 11:54:27.136293,13.05,13.33,13.05,13.32,1323582.0
2025-07-06 12:54:27.136293,13.32,13.32,12.89,12.91,785912.0
2025-07-06 13:54:27.136293,12.91,12.91,12.77,12.78,2135137.0
2025-07-06 14:54:27.136293,12.78,13.14,12.78,13.11,1438529.0
2025-07-06 15:54:27.136293,13.11,13.11,12.89,12.92,1324677.0
2025-07-06 16:54:27.136293,12.92,13.04,12.92,13.03,896232.0
2025-07-06 17:54:27.136293,13.03,13.27,13.03,13.23,839951.0
2025-07-06 18:54:27.136293,13.23,13.23,12.93,12.98,1411723.0
2025-07-06 19:54:27.136293,12.98,12.98,12.9,12.97,594396.0
2025-07-06 20:54:27.136293,12.97,12.97,12.07,12.13,1416579.0
2025-07-06 21:54:27.136293,12.13,12.13,11.87,11.88,1151812.0
2025-07-06 22:54:27.136293,11.88,11.88,11.77,11.81,624213.0
2025-07-06 23:54:27.136293,11.81,11.81,11.46,11.52,2152796.0
2025-07-07 00:54:27.136293,11.52,11.93,11.52,11.89,1902608.0
2025-07-07 01:54:27.136293,11.89,11.89,11.53,11.55,896155.0
2025-07-07 02:54:27.136293,11.55,11.55,11.42,11.45,862786.0
2025-07-07 03:54:27.136293,11.45,11.5,11.45,11.47,1784251.0
2025-07-07 04:54:27.136293,11.47,11.85,11.47,11.8,664662.0
2025-07-07 05:54:27.136293,11.8,11.8,11.44,11.46,681457.0
2025-07-07 06:54:27.136293,11.46,11.74,11.46,11.73,868717.0
2025-07-07 07:54:27.136293,11.73,11.76,11.72,11.73,518414.0
2025-07-07 08:54:27.136293,11.73,11.73,11.44,11.5,2039239.0
2025-07-07 09:54:27.136293,11.5,11.66,11.5,11.6,724928.0
2025-07-07 10:54:27.136293,11.6,11.68,11.6,11.64,1833894.0
2025-07-07 11:54:27.136293,11.64,11.64,11.47,11.5,813353.0
2025-07-07 12:54:27.136293,11.5,11.54,11.47,11.52,1228866.0
2025-07-07 13:54:27.136293,11.52,11.52,11.4,11.43,1282910.0
2025-07-07 14:54:27.136293,11.43,11.5,11.4,11.45,1973421.0
2025-07-07 15:54:27.136293,11.45,11.65,11.45,11.6,1732315.0
2025-07-07 16:54:27.136293,11.6,11.99,11.6,11.97,2316743.0
2025-07-07 17:54:27.136293,11.97,11.97,11.61,11.67,1489603.0
2025-07-07 18:54:27.136293,11.67,12.2,11.67,12.16,2625264.0
2025-07-07 19:54:27.136293,12.16,12.16,11.65,11.69,835380.0
2025-07-07 20:54:27.136293,11.69,11.69,11.64,11.65,1658058.0
2025-07-07 21:54:27.136293,11.65,11.81,11.65,11.78,627577.0
2025-07-07 22:54:27.136293,11.78,11.85,11.78,11.85,641076.0
2025-07-07 23:54:27.136293,11.85,11.85,11.7,11.7,2179662.0
2025-07-08 00:54:27.136293,11.7,11.7,11.62,11.65,986089.0
2025-07-08 01:54:27.136293,11.65,11.65,11.48,11.53,1642307.0
2025-07-08 02:54:27.136293,11.53,11.53,11.38,11.39,725306.0
2025-07-08 03:54:27.136293,11.39,11.62,11.39,11.58,1048150.0
2025-07-08 04:54:27.136293,11.58,11.66,11.58,11.66,2086890.0
2025-07-08 05:54:27.136293,11.66,11.66,11.45,11.5,1639316.0
2025-07-08 06:54:27.136293,11.5,11.72,11.5,11.7,803271.0
2025-07-08 07:54:27.136293,11.7,11.81,11.7,11.77,1552623.0
2025-07-08 08:54:27.136293,11.77,11.99,11.77,11.96,2265710.0
2025-07-08 09:54:27.136293,11.96,12.15,11.96,12.11,2213445.0
2025-07-08 10:54:27.136293,12.11,12.11,11.87,11.9,1894869.0
2025-07-08 11:54:27.136293,11.9,11.9,11.73,11.77,771336.0
2025-07-08 12:54:27.136293,11.77,11.96,11.77,11.94,959994.0
2025-07-08 13:54:27.136293,11.94,12.11,11.94,12.08,1297781.0
2025-07-08 14:54:27.136293,12.08,12.11,12.02,12.07,866760.0
2025-07-08 15:54:27.136293,12.07,12.11,12.07,12.1,1868778.0
2025-07-08 16:54:27.136293,12.1,12.45,12.1,12.41,2160095.0
2025-07-08 17:54:27.136293,12.41,12.41,12.2,12.26,2105415.0
2025-07-08 18:54:27.136293,12.26,12.4,12.26,12.39,1318040.0
2025-07-08 19:54:27.136293,12.39,12.39,12.29,12.33,1736322.0
2025-07-08 20:54:27.136293,12.33,12.33,12.27,12.28,1378368.0
2025-07-08 21:54:27.136293,12.28,12.61,12.28,12.54,687368.0
2025-07-08 22:54:27.136293,12.54,12.76,12.54,12.75,1847012.0
2025-07-08 23:54:27.136293,12.75,13.0,12.75,12.95,1460167.0
2025-07-09 00:54:27.136293,12.95,13.34,12.95,13.29,1652665.0
2025-07-09 01:54:27.136293,13.29,13.33,13.25,13.29,947676.0
2025-07-09 02:54:27.136293,13.29,13.5,13.29,13.47,2051783.0
2025-07-09 03:54:27.136293,13.47,13.47,13.33,13.38,788126.0
2025-07-09 04:54:27.136293,13.38,13.49,13.38,13.46,923941.0
2025-07-09 05:54:27.136293,13.46,13.47,13.36,13.42,667524.0
2025-07-09 06:54:27.136293,13.42,13.47,13.39,13.44,819344.0
2025-07-09 07:54:27.136293,13.44,13.64,13.44,13.6,1589292.0
2025-07-09 08:54:27.136293,13.6,13.6,13.35,13.37,1954875.0
2025-07-09 09:54:27.136293,13.37,13.97,13.37,13.93,2323496.0
2025-07-09 10:54:27.136293,13.93,13.93,13.59,13.64,967861.0
2025-07-09 11:54:27.136293,13.64,13.64,13.28,13.31,1233924.0
2025-07-09 12:54:27.136293,13.31,13.62,13.31,13.61,2229778.0
2025-07-09 13:54:27.136293,13.61,13.89,13.61,13.82,1354983.0
2025-07-09 14:54:27.136293,13.82,14.04,13.82,13.99,1558663.0
2025-07-09 15:54:27.136293,13.99,14.19,13.99,14.16,1732508.0
2025-07-09 16:54:27.136293,14.16,14.16,14.11,14.16,1039066.0
2025-07-09 17:54:27.136293,14.16,14.16,13.89,13.9,1634807.0
2025-07-09 18:54:27.136293,13.9,13.95,13.87,13.91,604397.0
2025-07-09 19:54:27.136293,13.91,13.91,13.68,13.72,1526994.0
2025-07-09 20:54:27.136293,13.72,14.03,13.72,13.98,2034846.0
2025-07-09 21:54:27.136293,13.98,13.98,13.88,13.94,1288224.0
2025-07-09 22:54:27.136293,13.94,13.94,13.7,13.7,1170043.0
2025-07-09 23:54:27.136293,13.7,13.7,13.56,13.61,1796793.0
2025-07-10 00:54:27.136293,13.61,13.75,13.61,13.72,778277.0
2025-07-10 01:54:27.136293,13.72,13.72,13.53,13.56,706435.0
2025-07-10 02:54:27.136293,13.56,13.56,13.29,13.33,1872743.0
2025-07-10 03:54:27.136293,13.33,13.46,13.33,13.39,1530073.0
2025-07-10 04:54:27.136293,13.39,13.48,13.39,13.45,1754795.0
2025-07-10 05:54:27.136293,13.45,13.45,13.28,13.31,1944370.0
2025-07-10 06:54:27.136293,13.31,13.31,13.14,13.18,1516764.0
2025-07-10 07:54:27.136293,13.18,13.25,13.18,13.24,1044644.0
2025-07-10 08:54:27.136293,13.24,13.24,12.85,12.85,2260020.0
2025-07-10 09:54:27.136293,12.85,12.85,12.45,12.48,1218443.0
2025-07-10 10:54:27.136293,12.48,12.48,12.28,12.3,1313161.0
2025-07-10 11:54:27.136293,12.3,12.3,12.19,12.24,815313.0
2025-07-10 12:54:27.136293,12.24,12.36,12.24,12.31,1296002.0
2025-07-10 13:54:27.136293,12.31,12.68,12.31,12.67,2055624.0
2025-07-10 14:54:27.136293,12.67,12.92,12.67,12.88,1861664.0
2025-07-10 15:54:27.136293,12.88,12.89,12.83,12.84,1466035.0
2025-07-10 16:54:27.136293,12.84,12.84,12.78,12.83,1496816.0
2025-07-10 17:54:27.136293,12.83,12.83,12.56,12.57,705272.0
2025-07-10 18:54:27.136293,12.57,12.57,12.54,12.56,877100.0
2025-07-10 19:54:27.136293,12.56,12.56,12.46,12.48,963922.0
2025-07-10 20:54:27.136293,12.48,12.6,12.48,12.56,1765922.0
2025-07-10 21:54:27.136293,12.56,12.56,12.31,12.34,643687.0
2025-07-10 22:54:27.136293,12.34,12.48,12.34,12.47,783207.0
2025-07-10 23:54:27.136293,12.47,12.89,12.47,12.86,1335083.0
2025-07-11 00:54:27.136293,12.86,12.89,12.83,12.83,1526556.0
2025-07-11 01:54:27.136293,12.83,13.0,12.83,12.93,2060529.0
2025-07-11 02:54:27.136293,12.93,13.12,12.93,13.11,1014204.0
2025-07-11 03:54:27.136293,13.11,13.11,12.95,13.01,954663.0
2025-07-11 04:54:27.136293,13.01,13.11,13.01,13.07,1410210.0
2025-07-11 05:54:27.136293,13.07,13.11,13.01,13.08,1418314.0
2025-07-11 06:54:27.136293,13.08,13.13,13.08,13.1,742122.0
2025-07-11 07:54:27.136293,13.1,13.1,12.89,12.9,2047817.0
2025-07-11 08:54:27.136293,12.9,12.95,12.88,12.91,676496.0
2025-07-11 09:54:27.136293,12.91,13.1,12.91,13.04,662383.0
2025-07-11 10:54:27.136293,13.04,13.47,13.04,13.42,804321.0
2025-07-11 11:54:27.136293,13.42,13.71,13.42,13.68,893588.0
2025-07-11 12:54:27.136293,13.68,14.34,13.68,14.27,2153689.0
2025-07-11 13:54:27.136293,14.27,14.27,14.03,14.06,1700338.0
2025-07-11 14:54:27.136293,14.06,14.34,14.06,14.3,1492509.0
2025-07-11 15:54:27.136293,14.3,14.42,14.3,14.36,600254.0
2025-07-11 16:54:27.136293,14.36,15.05,14.36,14.99,1278591.0
2025-07-11 17:54:27.136293,14.99,14.99,14.73,14.75,1896091.0
2025-07-11 18:54:27.136293,14.75,14.75,14.49,14.51,2118011.0
2025-07-11 19:54:27.136293,14.51,14.51,14.27,14.34,959208.0
2025-07-11 20:54:27.136293,14.34,14.34,13.66,13.73,2358615.0
2025-07-11 21:54:27.136293,13.73,13.73,13.59,13.59,1318914.0
2025-07-11 22:54:27.136293,13.59,13.59,13.35,13.39,1433085.0
2025-07-11 23:54:27.136293,13.39,13.44,13.39,13.43,1789440.0
2025-07-12 00:54:27.136293,13.43,13.55,13.43,13.53,2084550.0
2025-07-12 01:54:27.136293,13.53,14.05,13.53,14.04,1282275.0
2025-07-12 02:54:27.136293,14.04,14.36,14.04,14.31,1731576.0
2025-07-12 03:54:27.136293,14.31,14.31,14.12,14.15,2083795.0
2025-07-12 04:54:27.136293,14.15,14.15,13.88,13.9,1817121.0
2025-07-12 05:54:27.136293,13.9,14.09,13.9,14.04,1966338.0
2025-07-12 06:54:27.136293,14.04,14.04,13.65,13.67,2491342.0
2025-07-12 07:54:27.136293,13.67,14.18,13.67,14.17,1062911.0
2025-07-12 08:54:27.136293,14.17,14.58,14.17,14.51,902031.0
2025-07-12 09:54:27.136293,14.51,14.51,14.34,14.38,682014.0
2025-07-12 10:54:27.136293,14.38,14.38,13.84,13.89,1684982.0
2025-07-12 11:54:27.136293,13.89,14.34,13.89,14.27,2517322.0
2025-07-12 12:54:27.136293,14.27,14.29,14.2,14.24,763750.0
2025-07-12 13:54:27.136293,14.24,14.67,14.24,14.6,929739.0
2025-07-12 14:54:27.136293,14.6,14.6,14.1,14.14,1698636.0
2025-07-12 15:54:27.136293,14.14,14.14,13.91,13.98,691288.0
2025-07-12 16:54:27.136293,13.98,14.03,13.97,13.98,1795121.0
2025-07-12 17:54:27.136293,13.98,14.06,13.96,14.0,1585398.0
2025-07-12 18:54:27.136293,14.0,14.0,13.85,13.88,1882408.0
2025-07-12 19:54:27.136293,13.88,14.09,13.88,14.06,1400312.0
2025-07-12 20:54:27.136293,14.06,14.06,13.74,13.76,920342.0
2025-07-12 21:54:27.136293,13.76,13.78,13.67,13.73,667133.0
2025-07-12 22:54:27.136293,13.73,13.78,13.73,13.76,1050261.0
2025-07-12 23:54:27.136293,13.76,13.94,13.76,13.91,1634177.0
2025-07-13 00:54:27.136293,13.91,14.16,13.91,14.11,2019653.0
2025-07-13 01:54:27.136293,14.11,14.11,13.74,13.8,1772046.0
2025-07-13 02:54:27.136293,13.8,13.8,13.34,13.38,1286835.0
2025-07-13 03:54:27.136293,13.38,13.78,13.38,13.73,960142.0
2025-07-13 04:54:27.136293,13.73,13.89,13.73,13.83,1879293.0
2025-07-13 05:54:27.136293,13.83,13.83,13.58,13.63,1765666.0
2025-07-13 06:54:27.136293,13.63,14.09,13.63,14.06,1076416.0
2025-07-13 07:54:27.136293,14.06,14.1,14.06,14.09,1520170.0
2025-07-13 08:54:27.136293,14.09,14.5,14.09,14.43,2045045.0
2025-07-13 09:54:27.136293,14.43,14.52,14.41,14.46,906280.0
2025-07-13 10:54:27.136293,14.46,15.13,14.46,15.06,1899048.0
2025-07-13 11:54:27.136293,15.06,15.6,15.06,15.6,1613745.0
2025-07-13 12:54:27.136293,15.6,15.6,15.48,15.52,1119130.0
2025-07-13 13:54:27.136293,15.52,15.91,15.52,15.83,1359265.0
2025-07-13 14:54:27.136293,15.83,16.05,15.83,16.05,2127992.0
2025-07-13 15:54:27.136293,16.05,16.51,16.05,16.49,1199518.0
2025-07-13 16:54:27.136293,16.49,16.49,16.12,16.18,2028852.0
2025-07-13 17:54:27.136293,16.18,16.41,16.18,16.41,1815713.0
2025-07-13 18:54:27.136293,16.41,16.79,16.41,16.77,1121941.0
2025-07-13 19:54:27.136293,16.77,16.77,16.18,16.18,2095131.0
2025-07-13 20:54:27.136293,16.18,16.18,15.8,15.81,1062796.0
2025-07-13 21:54:27.136293,15.81,15.81,15.14,15.17,1335398.0
2025-07-13 22:54:27.136293,15.17,15.17,15.08,15.1,996289.0
2025-07-13 23:54:27.136293,15.1,15.38,15.1,15.32,2129873.0
2025-07-14 00:54:27.136293,15.32,15.86,15.32,15.79,1814573.0
2025-07-14 01:54:27.136293,15.79,15.89,15.79,15.82,630828.0
2025-07-14 02:54:27.136293,15.82,16.37,15.82,16.35,734702.0
2025-07-14 03:54:27.136293,16.35,16.35,15.82,15.9,2266383.0
2025-07-14 04:54:27.136293,15.9,15.9,15.37,15.37,2332883.0
2025-07-14 05:54:27.136293,15.37,15.41,15.35,15.36,644436.0
2025-07-14 06:54:27.136293,15.36,15.56,15.36,15.49,1887425.0
2025-07-14 07:54:27.136293,15.49,15.55,15.44,15.49,1277463.0
2025-07-14 08:54:27.136293,15.49,15.49,14.83,14.86,1621760.0
2025-07-14 09:54:27.136293,14.86,14.89,14.79,14.84,1861194.0
2025-07-14 10:54:27.136293,14.84,14.84,14.41,14.46,1816228.0
2025-07-14 11:54:27.136293,14.46,14.7,14.46,14.66,975740.0
2025-07-14 12:54:27.136293,14.66,14.81,14.66,14.78,1161965.0
2025-07-14 13:54:27.136293,14.78,14.78,14.46,14.51,2276514.0
2025-07-14 14:54:27.136293,14.51,14.51,14.31,14.37,1381381.0
2025-07-14 15:54:27.136293,14.37,14.37,14.07,14.07,1063080.0
2025-07-14 16:54:27.136293,14.07,14.09,14.03,14.06,572173.0
2025-07-14 17:54:27.136293,14.06,14.35,14.06,14.34,2343107.0
2025-07-14 18:54:27.136293,14.34,14.34,14.03,14.06,945833.0
2025-07-14 19:54:27.136293,14.06,14.26,14.06,14.22,897215.0
2025-07-14 20:54:27.136293,14.22,14.22,14.07,14.07,562543.0
2025-07-14 21:54:27.136293,14.07,14.07,13.86,13.86,762845.0
2025-07-14 22:54:27.136293,13.86,13.86,13.78,13.84,1378502.0
2025-07-14 23:54:27.136293,13.84,13.84,13.54,13.56,2278351.0
2025-07-15 00:54:27.136293,13.56,13.56,13.41,13.42,1574226.0
2025-07-15 01:54:27.136293,13.42,13.42,13.08,13.11,1555015.0
2025-07-15 02:54:27.136293,13.11,13.69,13.11,13.63,2174016.0
2025-07-15 03:54:27.136293,13.63,13.72,13.63,13.65,924589.0
2025-07-15 04:54:27.136293,13.65,13.65,13.44,13.47,1265306.0
2025-07-15 05:54:27.136293,13.47,13.6,13.47,13.53,1481816.0
2025-07-15 06:54:27.136293,13.53,13.53,13.46,13.51,1962847.0
2025-07-15 07:54:27.136293,13.51,13.52,13.46,13.46,1508899.0
2025-07-15 08:54:27.136293,13.46,13.64,13.46,13.64,665750.0
2025-07-15 09:54:27.136293,13.64,13.89,13.64,13.85,778187.0
2025-07-15 10:54:27.136293,13.85,13.85,13.68,13.72,1157954.0
2025-07-15 11:54:27.136293,13.72,13.72,13.54,13.57,1802579.0
2025-07-15 12:54:27.136293,13.57,13.57,13.5,13.5,1081561.0
2025-07-15 13:54:27.136293,13.5,13.5,12.85,12.89,2205939.0
2025-07-15 14:54:27.136293,12.89,12.89,12.47,12.51,667582.0
2025-07-15 15:54:27.136293,12.51,12.9,12.51,12.86,1817117.0
2025-07-15 16:54:27.136293,12.86,13.35,12.86,13.29,909846.0
2025-07-15 17:54:27.136293,13.29,13.3,13.23,13.24,1356089.0
2025-07-15 18:54:27.136293,13.24,13.41,13.24,13.4,1272181.0
2025-07-15 19:54:27.136293,13.4,13.51,13.4,13.49,1461114.0
2025-07-15 20:54:27.136293,13.49,14.34,13.49,14.33,2172008.0
2025-07-15 21:54:27.136293,14.33,14.69,14.33,14.67,1820789.0
2025-07-15 22:54:27.136293,14.67,14.7,14.59,14.64,1165367.0
2025-07-15 23:54:27.136293,14.64,14.64,14.35,14.37,1135387.0
2025-07-16 00:54:27.136293,14.37,14.37,13.89,13.92,2229714.0
2025-07-16 01:54:27.136293,13.92,14.05,13.92,13.99,1966009.0
2025-07-16 02:54:27.136293,13.99,13.99,13.77,13.79,1570150.0
2025-07-16 03:54:27.136293,13.79,13.79,13.37,13.41,1989220.0
2025-07-16 04:54:27.136293,13.41,13.41,13.22,13.24,841282.0
2025-07-16 05:54:27.136293,13.24,13.24,12.96,12.97,2217250.0
2025-07-16 06:54:27.136293,12.97,13.44,12.97,13.42,724153.0
2025-07-16 07:54:27.136293,13.42,13.71,13.42,13.66,1197453.0
2025-07-16 08:54:27.136293,13.66,13.68,13.65,13.67,973273.0
2025-07-16 09:54:27.136293,13.67,14.14,13.67,14.09,1365467.0
2025-07-16 10:54:27.136293,14.09,14.14,14.05,14.12,1209167.0
2025-07-16 11:54:27.136293,14.12,14.12,13.88,13.89,1429627.0
2025-07-16 12:54:27.136293,13.89,14.33,13.89,14.33,2555348.0
2025-07-16 13:54:27.136293,14.33,14.52,14.33,14.49,609997.0
2025-07-16 14:54:27.136293,14.49,14.49,14.19,14.2,641419.0
2025-07-16 15:54:27.136293,14.2,14.22,14.13,14.16,961336.0
2025-07-16 16:54:27.136293,14.16,14.16,13.92,13.93,2255703.0
2025-07-16 17:54:27.136293,13.93,13.93,13.49,13.55,1780509.0
2025-07-16 18:54:27.136293,13.55,13.87,13.55,13.82,1113587.0
2025-07-16 19:54:27.136293,13.82,14.43,13.82,14.36,1499612.0
2025-07-16 20:54:27.136293,14.36,14.36,13.93,13.97,929217.0
2025-07-16 21:54:27.136293,13.97,14.18,13.97,14.14,1842595.0
2025-07-16 22:54:27.136293,14.14,14.14,13.94,13.97,1068953.0
2025-07-16 23:54:27.136293,13.97,13.97,13.83,13.84,638271.0
2025-07-17 00:54:27.136293,13.84,13.84,13.67,13.69,2162764.0
2025-07-17 01:54:27.136293,13.69,13.69,13.45,13.47,1594929.0
2025-07-17 02:54:27.136293,13.47,13.5,13.46,13.49,1466660.0
2025-07-17 03:54:27.136293,13.49,13.49,13.26,13.28,2303057.0
2025-07-17 04:54:27.136293,13.28,13.43,13.28,13.37,1440010.0
2025-07-17 05:54:27.136293,13.37,13.41,13.35,13.37,1093375.0
2025-07-17 06:54:27.136293,13.37,13.37,13.28,13.31,1364881.0
2025-07-17 07:54:27.136293,13.31,13.31,13.02,13.09,2184756.0
2025-07-17 08:54:27.136293,13.09,13.09,12.91,12.95,1995829.0
2025-07-17 09:54:27.136293,12.95,13.16,12.95,13.16,797695.0
2025-07-17 10:54:27.136293,13.16,13.35,13.16,13.3,2015172.0
2025-07-17 11:54:27.136293,13.3,13.3,13.04,13.05,1415790.0
2025-07-17 12:54:27.136293,13.05,13.16,13.05,13.09,1848630.0
2025-07-17 13:54:27.136293,13.09,13.34,13.09,13.3,1077412.0
2025-07-17 14:54:27.136293,13.3,13.3,12.82,12.87,1429607.0
2025-07-17 15:54:27.136293,12.87,13.06,12.87,13.02,1528007.0
2025-07-17 16:54:27.136293,13.02,13.02,12.8,12.86,1247492.0
2025-07-17 17:54:27.136293,12.86,13.08,12.86,13.02,1529277.0
2025-07-17 18:54:27.136293,13.02,13.02,12.83,12.84,758495.0
2025-07-17 19:54:27.136293,12.84,12.84,12.36,12.39,2391455.0
2025-07-17 20:54:27.136293,12.39,12.39,11.99,12.0,2400563.0
2025-07-17 21:54:27.136293,12.0,12.05,11.99,12.02,1468610.0
2025-07-17 22:54:27.136293,12.02,12.15,12.02,12.1,1291013.0
2025-07-17 23:54:27.136293,12.1,12.1,11.85,11.89,1801044.0
2025-07-18 00:54:27.136293,11.89,12.06,11.89,12.05,1181551.0
2025-07-18 01:54:27.136293,12.05,12.05,11.65,11.67,1078625.0
2025-07-18 02:54:27.136293,11.67,11.72,11.66,11.66,2001937.0
2025-07-18 03:54:27.136293,11.66,11.66,11.35,11.39,1160022.0
2025-07-18 04:54:27.136293,11.39,11.39,11.22,11.26,1960744.0
2025-07-18 05:54:27.136293,11.26,11.32,11.26,11.28,1663162.0
2025-07-18 06:54:27.136293,11.28,11.28,11.06,11.1,1915104.0
2025-07-18 07:54:27.136293,11.1,11.1,10.99,11.02,674693.0
2025-07-18 08:54:27.136293,11.02,11.29,11.02,11.26,1347138.0
2025-07-18 09:54:27.136293,11.26,11.26,11.14,11.14,1130034.0
2025-07-18 10:54:27.136293,11.14,11.33,11.14,11.33,2244615.0
2025-07-18 11:54:27.136293,11.33,11.33,11.02,11.07,1572695.0
2025-07-18 12:54:27.136293,11.07,11.21,11.07,11.19,1384668.0
2025-07-18 13:54:27.136293,11.19,11.56,11.19,11.52,741744.0
2025-07-18 14:54:27.136293,11.52,11.52,10.93,10.95,1408219.0
2025-07-18 15:54:27.136293,10.95,10.95,10.76,10.77,1975534.0
2025-07-18 16:54:27.136293,10.77,10.95,10.77,10.9,2075289.0
2025-07-18 17:54:27.136293,10.9,10.9,10.83,10.86,872441.0
2025-07-18 18:54:27.136293,10.86,10.97,10.86,10.94,1510641.0
2025-07-18 19:54:27.136293,10.94,10.94,10.77,10.81,766540.0
2025-07-18 20:54:27.136293,10.81,10.87,10.8,10.83,1195202.0
2025-07-18 21:54:27.136293,10.83,10.83,10.76,10.79,626163.0
2025-07-18 22:54:27.136293,10.79,11.08,10.79,11.05,1938874.0
2025-07-18 23:54:27.136293,11.05,11.15,11.05,11.1,1397210.0
2025-07-19 00:54:27.136293,11.1,11.21,11.1,11.18,1776320.0
2025-07-19 01:54:27.136293,11.18,11.18,11.06,11.09,1002186.0
2025-07-19 02:54:27.136293,11.09,11.09,10.94,10.98,637885.0
2025-07-19 03:54:27.136293,10.98,10.98,10.87,10.88,543213.0
2025-07-19 04:54:27.136293,10.88,11.0,10.88,10.97,986835.0
2025-07-19 05:54:27.136293,10.97,10.97,10.88,10.88,1906285.0
2025-07-19 06:54:27.136293,10.88,10.94,10.88,10.94,1705453.0
2025-07-19 07:54:27.136293,10.94,11.42,10.94,11.4,1472610.0
2025-07-19 08:54:27.136293,11.4,11.61,11.4,11.6,1139398.0
2025-07-19 09:54:27.136293,11.6,11.6,11.47,11.52,1225347.0
2025-07-19 10:54:27.136293,11.52,11.85,11.52,11.8,2414300.0
2025-07-19 11:54:27.136293,11.8,11.8,11.66,11.7,1341608.0
2025-07-19 12:54:27.136293,11.7,11.7,11.19,11.23,2189537.0
2025-07-19 13:54:27.136293,11.23,11.23,10.99,11.0,1885635.0
2025-07-19 14:54:27.136293,11.0,11.0,10.54,10.59,2255401.0
2025-07-19 15:54:27.136293,10.59,10.59,10.48,10.51,1013481.0
2025-07-19 16:54:27.136293,10.51,10.52,10.48,10.52,1471862.0
2025-07-19 17:54:27.136293,10.52,10.87,10.52,10.87,2584307.0
2025-07-19 18:54:27.136293,10.87,10.97,10.87,10.94,1264258.0
2025-07-19 19:54:27.136293,10.94,10.94,10.87,10.89,1100855.0
2025-07-19 20:54:27.136293,10.89,11.08,10.89,11.07,1311389.0
2025-07-19 21:54:27.136293,11.07,11.07,10.54,10.59,1179711.0
2025-07-19 22:54:27.136293,10.59,10.67,10.59,10.63,1906000.0
2025-07-19 23:54:27.136293,10.63,10.81,10.63,10.8,1629216.0
2025-07-20 00:54:27.136293,10.8,10.8,10.47,10.48,1914461.0
2025-07-20 01:54:27.136293,10.48,10.76,10.48,10.72,1802752.0
2025-07-20 02:54:27.136293,10.72,10.81,10.72,10.79,852809.0
2025-07-20 03:54:27.136293,10.79,10.79,10.69,10.7,1139182.0
2025-07-20 04:54:27.136293,10.7,10.84,10.7,10.84,1434779.0
2025-07-20 05:54:27.136293,10.84,11.34,10.84,11.33,759014.0
2025-07-20 06:54:27.136293,11.33,11.39,11.33,11.37,548111.0
2025-07-20 07:54:27.136293,11.37,11.43,11.37,11.43,1300502.0
2025-07-20 08:54:27.136293,11.43,11.43,11.29,11.32,1521044.0
2025-07-20 09:54:27.136293,11.32,11.32,11.1,11.13,2276489.0
2025-07-20 10:54:27.136293,11.13,11.34,11.13,11.31,1128185.0
2025-07-20 11:54:27.136293,11.31,11.31,11.08,11.12,1501907.0
2025-07-20 12:54:27.136293,11.12,11.19,11.12,11.13,532734.0
2025-07-20 13:54:27.136293,11.13,11.13,10.98,11.03,745591.0
2025-07-20 14:54:27.136293,11.03,11.15,11.03,11.13,1029582.0
2025-07-20 15:54:27.136293,11.13,11.25,11.13,11.21,1089862.0
2025-07-20 16:54:27.136293,11.21,11.46,11.21,11.44,1146288.0
2025-07-20 17:54:27.136293,11.44,11.44,11.27,11.32,1952147.0
2025-07-20 18:54:27.136293,11.32,11.32,11.21,11.26,1766140.0
2025-07-20 19:54:27.136293,11.26,11.26,11.01,11.04,1312400.0
2025-07-20 20:54:27.136293,11.04,11.04,10.94,10.94,917726.0
2025-07-20 21:54:27.136293,10.94,11.03,10.94,11.02,1742449.0
2025-07-20 22:54:27.136293,11.02,11.21,11.02,11.19,2228585.0
2025-07-20 23:54:27.136293,11.19,11.19,10.94,10.98,2354858.0
2025-07-21 00:54:27.136293,10.98,11.2,10.98,11.17,719643.0
2025-07-21 01:54:27.136293,11.17,11.49,11.17,11.47,1008354.0
2025-07-21 02:54:27.136293,11.47,11.57,11.47,11.57,1808917.0
2025-07-21 03:54:27.136293,11.57,12.03,11.57,12.0,2359659.0
2025-07-21 04:54:27.136293,12.0,12.0,11.79,11.81,1746340.0
2025-07-21 05:54:27.136293,11.81,11.81,11.5,11.52,2344915.0
2025-07-21 06:54:27.136293,11.52,11.52,11.08,11.11,2489728.0
2025-07-21 07:54:27.136293,11.11,11.48,11.11,11.44,936002.0
2025-07-21 08:54:27.136293,11.44,11.59,11.44,11.59,1323710.0
2025-07-21 09:54:27.136293,11.59,11.59,11.52,11.57,1310153.0
2025-07-21 10:54:27.136293,11.57,11.65,11.57,11.64,1602973.0
2025-07-21 11:54:27.136293,11.64,11.64,11.36,11.37,2097244.0
2025-07-21 12:54:27.136293,11.37,11.96,11.37,11.93,1710141.0
2025-07-21 13:54:27.136293,11.93,11.96,11.93,11.96,1197227.0
2025-07-21 14:54:27.136293,11.96,11.99,11.96,11.98,1802119.0
2025-07-21 15:54:27.136293,11.98,12.21,11.98,12.15,2037099.0
2025-07-21 16:54:27.136293,12.15,12.29,12.15,12.27,870969.0
2025-07-21 17:54:27.136293,12.27,12.38,12.26,12.32,1635884.0
2025-07-21 18:54:27.136293,12.32,12.32,12.09,12.13,1031006.0
2025-07-21 19:54:27.136293,12.13,12.27,12.13,12.24,666336.0
2025-07-21 20:54:27.136293,12.24,12.74,12.24,12.7,1079687.0
2025-07-21 21:54:27.136293,12.7,13.09,12.7,13.04,2428471.0
2025-07-21 22:54:27.136293,13.04,13.52,13.04,13.45,2589744.0
2025-07-21 23:54:27.136293,13.45,13.45,13.3,13.31,1341282.0
2025-07-22 00:54:27.136293,13.31,13.31,13.03,13.05,1752119.0
2025-07-22 01:54:27.136293,13.05,13.06,13.0,13.01,1383458.0
2025-07-22 02:54:27.136293,13.01,13.08,12.99,13.03,523174.0
2025-07-22 03:54:27.136293,13.03,13.31,13.03,13.31,2299933.0
2025-07-22 04:54:27.136293,13.31,13.31,12.82,12.86,1116378.0
2025-07-22 05:54:27.136293,12.86,13.27,12.86,13.25,2078240.0
2025-07-22 06:54:27.136293,13.25,13.25,13.18,13.2,561792.0
2025-07-22 07:54:27.136293,13.2,13.2,13.05,13.09,736701.0
2025-07-22 08:54:27.136293,13.09,13.09,12.8,12.82,2262761.0
2025-07-22 09:54:27.136293,12.82,12.82,12.39,12.4,2187520.0
2025-07-22 10:54:27.136293,12.4,12.62,12.4,12.6,1897238.0
2025-07-22 11:54:27.136293,12.6,12.67,12.55,12.61,1383375.0
2025-07-22 12:54:27.136293,12.61,12.61,12.24,12.29,1104156.0
2025-07-22 13:54:27.136293,12.29,12.29,11.94,11.97,1872193.0
2025-07-22 14:54:27.136293,11.97,11.97,11.87,11.88,2006803.0
2025-07-22 15:54:27.136293,11.88,12.28,11.88,12.28,1107250.0
2025-07-22 16:54:27.136293,12.28,12.28,12.21,12.21,803848.0
2025-07-22 17:54:27.136293,12.21,12.21,11.83,11.84,2508221.0
2025-07-22 18:54:27.136293,11.84,11.84,11.76,11.78,1440084.0
2025-07-22 19:54:27.136293,11.78,11.78,11.67,11.72,975915.0
2025-07-22 20:54:27.136293,11.72,11.72,11.03,11.08,2958884.0
2025-07-22 21:54:27.136293,11.08,11.12,11.04,11.07,1692011.0
2025-07-22 22:54:27.136293,11.07,11.07,10.99,11.01,845921.0
2025-07-22 23:54:27.136293,11.01,11.2,11.01,11.17,1134180.0
2025-07-23 00:54:27.136293,11.17,11.63,11.17,11.58,829846.0
2025-07-23 01:54:27.136293,11.58,11.84,11.58,11.83,1541713.0
2025-07-23 02:54:27.136293,11.83,11.83,11.72,11.77,1851784.0
2025-07-23 03:54:27.136293,11.77,11.77,11.46,11.5,2026890.0
2025-07-23 04:54:27.136293,11.5,12.13,11.5,12.09,2743387.0
2025-07-23 05:54:27.136293,12.09,12.14,12.09,12.11,1148801.0
2025-07-23 06:54:27.136293,12.11,12.11,12.1,12.11,1649220.0
2025-07-23 07:54:27.136293,12.11,12.11,12.07,12.1,1292871.0
2025-07-23 08:54:27.136293,12.1,12.15,12.08,12.14,870507.0
2025-07-23 09:54:27.136293,12.14,12.14,12.09,12.11,872005.0
2025-07-23 10:54:27.136293,12.11,12.11,11.92,11.96,2178614.0
2025-07-23 11:54:27.136293,11.96,11.96,11.79,11.83,1793083.0
2025-07-23 12:54:27.136293,11.83,11.87,11.79,11.82,962946.0
2025-07-23 13:54:27.136293,11.82,11.82,11.65,11.69,1916871.0
2025-07-23 14:54:27.136293,11.69,11.69,11.5,11.52,2121643.0
2025-07-23 15:54:27.136293,11.52,11.59,11.48,11.54,1662033.0
2025-07-23 16:54:27.136293,11.54,11.54,11.44,11.48,1571340.0
2025-07-23 17:54:27.136293,11.48,11.83,11.48,11.82,2030440.0
2025-07-23 18:54:27.136293,11.82,11.82,11.15,11.19,2108568.0
2025-07-23 19:54:27.136293,11.19,11.49,11.19,11.43,1091684.0
2025-07-23 20:54:27.136293,11.43,11.75,11.43,11.71,1959179.0
2025-07-23 21:54:27.136293,11.71,11.71,11.22,11.23,1801126.0
2025-07-23 22:54:27.136293,11.23,11.23,11.12,11.15,2034671.0
2025-07-23 23:54:27.136293,11.15,11.15,11.02,11.06,1692500.0
2025-07-24 00:54:27.136293,11.06,11.06,10.7,10.75,1980169.0
2025-07-24 01:54:27.136293,10.75,10.75,10.53,10.58,1055367.0
2025-07-24 02:54:27.136293,10.58,10.58,10.33,10.34,1246978.0
2025-07-24 03:54:27.136293,10.34,10.71,10.34,10.7,2405253.0
2025-07-24 04:54:27.136293,10.7,10.93,10.7,10.89,1590619.0
2025-07-24 05:54:27.136293,10.89,11.22,10.89,11.17,1340000.0
2025-07-24 06:54:27.136293,11.17,11.33,11.17,11.33,1828180.0
2025-07-24 07:54:27.136293,11.33,11.33,11.07,11.07,2160750.0
2025-07-24 08:54:27.136293,11.07,11.07,10.91,10.95,2166314.0
2025-07-24 09:54:27.136293,10.95,11.08,10.95,11.05,1705065.0
2025-07-24 10:54:27.136293,11.05,11.05,10.75,10.78,2433213.0
2025-07-24 11:54:27.136293,10.78,10.93,10.78,10.93,1797845.0
2025-07-24 12:54:27.136293,10.93,10.93,10.86,10.87,1786949.0
2025-07-24 13:54:27.136293,10.87,10.87,10.77,10.79,752032.0
2025-07-24 14:54:27.136293,10.79,10.98,10.79,10.94,1098828.0
2025-07-24 15:54:27.136293,10.94,11.05,10.94,11.03,1638366.0
2025-07-24 16:54:27.136293,11.03,11.03,10.93,10.95,1545660.0
2025-07-24 17:54:27.136293,10.95,11.23,10.95,11.2,2284217.0
2025-07-24 18:54:27.136293,11.2,11.2,10.92,10.95,704547.0
2025-07-24 19:54:27.136293,10.95,11.11,10.95,11.08,1075302.0
2025-07-24 20:54:27.136293,11.08,11.23,11.08,11.21,1116517.0
2025-07-24 21:54:27.136293,11.21,11.21,11.12,11.14,641838.0
2025-07-24 22:54:27.136293,11.14,11.25,11.14,11.21,1220247.0
2025-07-24 23:54:27.136293,11.21,11.21,10.9,10.92,733208.0
2025-07-25 00:54:27.136293,10.92,11.14,10.92,11.12,1727906.0
2025-07-25 01:54:27.136293,11.12,11.12,11.04,11.08,830765.0
2025-07-25 02:54:27.136293,11.08,11.08,10.92,10.96,722491.0
2025-07-25 03:54:27.136293,10.96,11.2,10.96,11.18,1384872.0
2025-07-25 04:54:27.136293,11.18,11.18,11.02,11.02,1462594.0
2025-07-25 05:54:27.136293,11.02,11.02,10.65,10.71,861057.0
2025-07-25 06:54:27.136293,10.71,10.71,10.33,10.37,2047089.0
2025-07-25 07:54:27.136293,10.37,10.51,10.37,10.49,1225350.0
2025-07-25 08:54:27.136293,10.49,10.49,10.21,10.22,1542606.0
2025-07-25 09:54:27.136293,10.22,10.59,10.22,10.57,2000912.0
2025-07-25 10:54:27.136293,10.57,10.57,10.1,10.13,874015.0
2025-07-25 11:54:27.136293,10.13,10.47,10.13,10.47,1263365.0
2025-07-25 12:54:27.136293,10.47,10.51,10.47,10.51,1490674.0
2025-07-25 13:54:27.136293,10.51,10.52,10.47,10.49,534750.0
2025-07-25 14:54:27.136293,10.49,10.49,10.35,10.37,1684805.0
2025-07-25 15:54:27.136293,10.37,10.48,10.37,10.45,1043028.0
2025-07-25 16:54:27.136293,10.45,10.45,10.4,10.43,1819631.0
2025-07-25 17:54:27.136293,10.43,10.71,10.43,10.66,890973.0
2025-07-25 18:54:27.136293,10.66,10.73,10.64,10.68,1859027.0
2025-07-25 19:54:27.136293,10.68,10.72,10.68,10.71,1592234.0
2025-07-25 20:54:27.136293,10.71,10.71,10.6,10.63,563211.0
2025-07-25 21:54:27.136293,10.63,10.64,10.6,10.61,1193469.0
